admissible_recovery,constraint_envelope_pass,controller,floor_contact_load_N,floor_contact_load_bodyweights,floor_penetration_m,integration_floor_contact_load_N,joint_excess_duration_s,joint_excess_max_rad,max_continuous_hold_s,max_velocity_rad_s,pair,recovery_sim_s,reporting_only_error_repaired,seed,self_penetration_m,stable_margins,standing_sway,status,success,termination_reason,torque_ratio,truncation_reason,worst_joint
False,False,A_reference,2118.3670021758444,5.145525374502691,0.021274134853281945,2148.1963008359735,1.055,0.051794081287059424,0.3330000000001112,20.53151888676289,1,5.195000000000696,False,26092400,0.0030421798172032373,null,null,COMPLETE,False,safety_abort:joint_limit_rad,1.0,,left_wrist_roll_joint
False,False,B_residual,2227.045236529565,5.40950541759666,0.022861627059432184,2227.812681284072,1.056,0.05196805123980086,0.4330000000001446,20.28872358461013,1,5.524000000000806,False,26092400,0.0030421798172032373,null,null,COMPLETE,False,safety_abort:joint_limit_rad,1.0,,left_wrist_roll_joint
False,False,A_reference,2001.1879904934588,4.860896895418777,0.02196573733659231,2029.8645082995422,1.051,0.051323031137934905,0.0,20.214932924205737,2,3.6830000000001872,False,26092401,0.003690456114998469,null,null,COMPLETE,False,safety_abort:joint_limit_rad,1.0,,left_wrist_roll_joint
False,False,B_residual,1981.731405402161,4.813636740693173,0.020941510151683246,2009.2628125911865,1.051,0.05261443755862394,0.0,20.259443013564244,2,3.6890000000001892,False,26092401,0.003690456114998469,null,null,COMPLETE,False,safety_abort:joint_limit_rad,1.0,,left_wrist_roll_joint
False,False,A_reference,8709.121218457996,21.154504471211318,0.025675051856342335,8749.784609646389,1.043,0.040685791313742614,1.1900000000003974,8.31439155089236,3,20.000000000003563,False,26092402,0.003312329784184409,null,null,COMPLETE,False,,1.0,time_limit,left_ankle_pitch_joint
False,False,B_residual,7688.381902571764,18.675122926252218,0.023335063229220805,7707.84836097528,1.043,0.040685791313742614,1.0400000000003473,8.322666877780513,3,20.000000000003563,False,26092402,0.003312329784184409,null,null,COMPLETE,False,,1.0,time_limit,left_ankle_pitch_joint
False,False,A_reference,2230.4657810369954,5.417813939462569,0.02269122156576138,2231.4696460729137,1.064,0.057229015397554095,0.0,20.46776905940538,4,4.080000000000322,False,26092403,0.003444371571932552,null,null,COMPLETE,False,safety_abort:joint_limit_rad,1.0,,left_wrist_roll_joint
False,False,B_residual,2199.4620747769595,5.342505762408837,0.022545015457049927,2200.257210353687,1.064,0.057189477900068564,0.0,20.42019156314497,4,4.109000000000331,False,26092403,0.003444371571932552,null,null,COMPLETE,False,safety_abort:joint_limit_rad,1.0,,left_wrist_roll_joint
False,False,A_reference,2245.5467626355507,5.454445728670043,0.021488962338242462,2247.6780476565687,1.054,0.05650619027526793,0.14900000000004976,20.42912559969939,5,4.585000000000529,False,26092404,0.003081478039786702,null,null,COMPLETE,False,safety_abort:joint_limit_rad,1.0,,left_wrist_roll_joint
False,False,B_residual,2216.806449619225,5.384635346547985,0.021993090928140266,2217.733929585689,1.054,0.05619586459853365,0.15700000000005243,20.539624698382536,5,4.685000000000563,False,26092404,0.003081478039786702,null,null,COMPLETE,False,safety_abort:joint_limit_rad,1.0,,left_wrist_roll_joint
False,False,A_reference,2273.1989367337583,5.521613015233867,0.023386735588116075,2273.965632125112,1.056,0.051144858191051856,1.2630000000004218,20.319237538823966,6,6.801000000000819,False,26092405,0.003130029311188014,null,null,COMPLETE,False,safety_abort:joint_limit_rad,1.0,,left_wrist_roll_joint
False,False,B_residual,1517.7514694145245,3.6866268640134856,0.008405904917033923,1521.8208907249768,1.051,0.0412353084420376,2.000000000000668,8.067880667518075,6,4.7610000000005535,True,26092405,0.003130029311188014,"{""base_angular_rad_s"": 0.10838620123920217, ""base_linear_m_s"": 0.00012628407296617905, ""com_linear_m_s"": 0.021347277407998883, ""feet_lower_bodyweights"": 0.18175416352016271, ""feet_upper_bodyweights"": 0.1753577465153704, ""floor_penetration_m"": 1.5165919454582927e-05, ""height_m"": 0.00966039712258504, ""joint_limit_rad"": 0.0001, ""joint_rad_s"": 0.30635374826917644, ""left_drift_m"": 0.02120518386273043, ""left_support_bodyweights"": 0.33742678969487394, ""other_weight"": 1e-05, ""pelvis_drift_m"": 0.03578732307655176, ""right_drift_m"": 0.013976113159464128, ""right_support_bodyweights"": 0.3819992438559711, ""self_penetration_m"": 0.0001, ""support_gap_m"": 2e-06, ""tilt_deg"": 13.219287112597163, ""torso_angular_rad_s"": 0.10712225919806334}","{""max_base_angular_rad_s"": 0.14161379876079783, ""max_torso_angular_rad_s"": 0.14287774080193666, ""maximum_torso_tilt_deg"": 1.7807128874028366, ""pelvis_xy_peak_to_peak_m"": [0.013039305738555385, 0.008698084190864227], ""torso_tilt_range_deg"": 1.0474846352324394}",COMPLETE,True,success,1.0,,left_ankle_pitch_joint
False,False,A_reference,2256.4591194810846,5.480951904883442,0.023445136744774497,2257.1112315616747,1.064,0.055905472616803564,0.3600000000001202,20.350434522800935,7,5.0670000000006565,False,26092406,0.0033281657387552637,null,null,COMPLETE,False,safety_abort:joint_limit_rad,1.0,,left_wrist_roll_joint
False,False,B_residual,2243.2872932640757,5.448957464846119,0.02147130970753118,2244.2964840804507,1.063,0.0500624528936815,0.4650000000001553,20.427933633788832,7,5.315000000000739,False,26092406,0.0033281657387552637,null,null,COMPLETE,False,safety_abort:joint_limit_rad,1.0,,left_wrist_roll_joint
False,False,A_reference,2223.313737060539,5.4004415843783855,0.0227929276628496,2224.6530634630312,1.053,0.057916740924714105,0.0,20.311507452359614,8,4.300000000000395,False,26092407,0.0033727402020615033,null,null,COMPLETE,False,safety_abort:joint_limit_rad,1.0,,left_wrist_roll_joint
False,False,B_residual,2181.468506822941,5.29879928454634,0.021413847560724286,2182.359021233248,1.052,0.05159825121338857,0.04300000000001436,20.412007506420803,8,4.359000000000415,False,26092407,0.0033727402020615033,null,null,COMPLETE,False,safety_abort:joint_limit_rad,1.0,,left_wrist_roll_joint
False,False,A_reference,2216.3127340941924,5.383436108758106,0.020671876161887565,2217.4777665660113,1.056,0.05967368216807167,0.0,20.42001927949004,9,4.21300000000037,False,26092408,0.0031336182914024607,null,null,COMPLETE,False,safety_abort:joint_limit_rad,1.0,,left_wrist_roll_joint
False,False,B_residual,2199.2893163671583,5.3420861312588155,0.022782651166529402,2200.1057375646224,1.056,0.05305936108031606,0.0,20.27893295740877,9,4.262000000000386,False,26092408,0.0031336182914024607,null,null,COMPLETE,False,safety_abort:joint_limit_rad,1.0,,left_wrist_roll_joint
False,False,A_reference,2237.1795118814375,5.434121629481425,0.02353755973924932,2237.6862025334403,1.059,0.05642516164036193,0.1620000000000541,20.406649474815318,10,4.673000000000522,False,26092409,0.003526180952833453,null,null,COMPLETE,False,safety_abort:joint_limit_rad,1.0,,left_wrist_roll_joint
False,False,B_residual,2224.3074141556062,5.402855231636617,0.022470088343198122,2225.2511381606014,1.058,0.05071893662125304,0.21600000000007213,20.32458722570338,10,4.799000000000564,False,26092409,0.003526180952833453,null,null,COMPLETE,False,safety_abort:joint_limit_rad,1.0,,left_wrist_roll_joint
False,False,A_reference,2243.948061736433,5.450562475185542,0.021226377020883203,2245.021504066033,1.053,0.05478394053606683,0.15400000000005143,20.58041141481913,11,4.684000000000523,False,26092410,0.003169962910596074,null,null,COMPLETE,False,safety_abort:joint_limit_rad,1.0,,left_wrist_roll_joint
False,False,B_residual,2180.3204773096218,5.296010714395184,0.02283079404873932,2181.005196177873,1.054,0.05620044299565796,0.2060000000000688,20.402781043582372,11,4.811000000000566,False,26092410,0.003169962910596074,null,null,COMPLETE,False,safety_abort:joint_limit_rad,1.0,,left_wrist_roll_joint
False,False,A_reference,2215.4200332928176,5.381267733485741,0.02257319940808057,2215.923544941812,1.062,0.05171586817184637,0.0,20.404656473174203,12,4.264000000000382,False,26092411,0.0033998684809680084,null,null,COMPLETE,False,safety_abort:joint_limit_rad,1.0,,left_wrist_roll_joint
False,False,B_residual,2195.1715680779453,5.3320840974817605,0.021734625669804455,2196.3796745731725,1.063,0.05506213422577022,0.057000000000019035,20.353072764790817,12,4.314000000000399,False,26092411,0.0033998684809680084,null,null,COMPLETE,False,safety_abort:joint_limit_rad,1.0,,left_wrist_roll_joint
False,False,A_reference,1598.100590333558,3.881795331084213,0.007995610333273392,1571.315762112144,1.052,0.04166388984948266,2.000000000000668,8.281315154026766,13,4.783000000000553,True,26092412,0.0031582053472539885,"{""base_angular_rad_s"": 0.08006395083331799, ""base_linear_m_s"": 0.0004812920215431643, ""com_linear_m_s"": 0.021362390939926992, ""feet_lower_bodyweights"": 0.18138055685914867, ""feet_upper_bodyweights"": 0.1888950750431413, ""floor_penetration_m"": 3.635600829567445e-05, ""height_m"": 0.0098230186700341, ""joint_limit_rad"": 0.0001, ""joint_rad_s"": 0.29878829121042716, ""left_drift_m"": 0.018567917943548506, ""left_support_bodyweights"": 0.31355810013374624, ""other_weight"": 1e-05, ""pelvis_drift_m"": 0.022006800966527636, ""right_drift_m"": 0.016245524538193036, ""right_support_bodyweights"": 0.39520278828519406, ""self_penetration_m"": 0.0001, ""support_gap_m"": 2e-06, ""tilt_deg"": 13.311421937474478, ""torso_angular_rad_s"": 0.08844988219481337}","{""max_base_angular_rad_s"": 0.169936049166682, ""max_torso_angular_rad_s"": 0.16155011780518663, ""maximum_torso_tilt_deg"": 1.6885780625255218, ""pelvis_xy_peak_to_peak_m"": [0.025793550455265657, 0.011744297096508486], ""torso_tilt_range_deg"": 1.2069854410559882}",COMPLETE,True,success,1.0,,left_ankle_pitch_joint
False,False,B_residual,1598.100590333558,3.881795331084213,0.007995610333273392,1571.315762112144,1.052,0.04166388984948266,2.000000000000668,8.281315154026766,13,4.784000000000553,True,26092412,0.0031582053472539885,"{""base_angular_rad_s"": 0.07513996269070894, ""base_linear_m_s"": 0.0004313683911618821, ""com_linear_m_s"": 0.020736987695956124, ""feet_lower_bodyweights"": 0.18195518599573846, ""feet_upper_bodyweights"": 0.18546166044126178, ""floor_penetration_m"": 7.545599395568717e-05, ""height_m"": 0.009228651457978465, ""joint_limit_rad"": 0.0001, ""joint_rad_s"": 0.29990096280255774, ""left_drift_m"": 0.01779241087777627, ""left_support_bodyweights"": 0.31535870355513335, ""other_weight"": 1e-05, ""pelvis_drift_m"": 0.016127257458097413, ""right_drift_m"": 0.016989626992124363, ""right_support_bodyweights"": 0.39545034265078255, ""self_penetration_m"": 0.0001, ""support_gap_m"": 2e-06, ""tilt_deg"": 12.493098745897285, ""torso_angular_rad_s"": 0.08342472504105242}","{""max_base_angular_rad_s"": 0.17486003730929106, ""max_torso_angular_rad_s"": 0.16657527495894758, ""maximum_torso_tilt_deg"": 2.5069012541027145, ""pelvis_xy_peak_to_peak_m"": [0.03165130249017584, 0.012933109794358867], ""torso_tilt_range_deg"": 1.931815619452002}",COMPLETE,True,success,1.0,,left_ankle_pitch_joint
False,False,A_reference,1563.4298200438186,3.797579834857087,0.00827921838095488,1602.911943559735,1.058,0.04684015107618478,2.000000000000668,8.143717109512504,14,4.915000000000599,True,26092413,0.003213976563653167,"{""base_angular_rad_s"": 0.0973546849647085, ""base_linear_m_s"": 0.04589323598429106, ""com_linear_m_s"": 0.03428167517980628, ""feet_lower_bodyweights"": 0.18424640437355277, ""feet_upper_bodyweights"": 0.17335082129315427, ""floor_penetration_m"": 1.6308900644308733e-06, ""height_m"": 0.011157104285198338, ""joint_limit_rad"": 0.0001, ""joint_rad_s"": 0.29777927211912336, ""left_drift_m"": 0.02413100668942861, ""left_support_bodyweights"": 0.38048929694820227, ""other_weight"": 1e-05, ""pelvis_drift_m"": 0.04113223472257638, ""right_drift_m"": 0.015404018506657962, ""right_support_bodyweights"": 0.3823015265052255, ""self_penetration_m"": 0.0001, ""support_gap_m"": 2e-06, ""tilt_deg"": 12.609940108361801, ""torso_angular_rad_s"": 0.1080237086774537}","{""max_base_angular_rad_s"": 0.1526453150352915, ""max_torso_angular_rad_s"": 0.1419762913225463, ""maximum_torso_tilt_deg"": 2.3900598916381988, ""pelvis_xy_peak_to_peak_m"": [0.011921809318595822, 0.007543229235704463], ""torso_tilt_range_deg"": 1.5242316315086968}",COMPLETE,True,success,1.0,,left_ankle_pitch_joint
False,False,B_residual,1563.4298200438186,3.797579834857087,0.00827921838095488,1602.911943559735,1.058,0.04684015107618478,2.000000000000668,8.143717109512504,14,4.891000000000591,True,26092413,0.003213976563653167,"{""base_angular_rad_s"": 0.08982725374947922, ""base_linear_m_s"": 0.04745713210795567, ""com_linear_m_s"": 0.03431189429959404, ""feet_lower_bodyweights"": 0.18111557289139246, ""feet_upper_bodyweights"": 0.17262986267106561, ""floor_penetration_m"": 1.415234776053903e-06, ""height_m"": 0.010526523795661102, ""joint_limit_rad"": 0.0001, ""joint_rad_s"": 0.3039348911767628, ""left_drift_m"": 0.02311565614324963, ""left_support_bodyweights"": 0.3664924920611168, ""other_weight"": 1e-05, ""pelvis_drift_m"": 0.035454272410403095, ""right_drift_m"": 0.014705029144449426, ""right_support_bodyweights"": 0.3829610890439105, ""self_penetration_m"": 0.0001, ""support_gap_m"": 2e-06, ""tilt_deg"": 13.294562817512368, ""torso_angular_rad_s"": 0.1034389832716934}","{""max_base_angular_rad_s"": 0.16017274625052078, ""max_torso_angular_rad_s"": 0.1465610167283066, ""maximum_torso_tilt_deg"": 1.705437182487631, ""pelvis_xy_peak_to_peak_m"": [0.011829974149163258, 0.009458029224865818], ""torso_tilt_range_deg"": 1.2459309374893603}",COMPLETE,True,success,1.0,,left_ankle_pitch_joint
False,False,A_reference,2266.0067614830114,5.504143181058496,0.023208154935106445,2266.5845505251064,1.068,0.05631504542046328,0.24300000000008115,20.494109980710153,15,4.888000000000591,False,26092414,0.0030755145904480443,null,null,COMPLETE,False,safety_abort:joint_limit_rad,1.0,,left_wrist_roll_joint
False,False,B_residual,2236.177625194984,5.431688041079497,0.02308223646284021,2236.956582009911,1.068,0.05622530003860349,0.33100000000011054,20.449148621048113,15,5.0680000000006515,False,26092414,0.0030755145904480443,null,null,COMPLETE,False,safety_abort:joint_limit_rad,1.0,,left_wrist_roll_joint
False,False,A_reference,2258.9033817358704,5.4868890316612955,0.02204942932107415,2259.5755660497744,1.064,0.05824473461228252,0.3770000000001259,20.51270447075557,16,5.012000000000636,False,26092415,0.003129061950570401,null,null,COMPLETE,False,safety_abort:joint_limit_rad,1.0,,left_wrist_roll_joint
False,False,B_residual,2248.3698405538157,5.461303000827186,0.023212543408315432,2249.4950867139833,1.065,0.0581930082696529,0.5140000000001717,20.422984407578948,16,5.274000000000724,False,26092415,0.003129061950570401,null,null,COMPLETE,False,safety_abort:joint_limit_rad,1.0,,left_wrist_roll_joint
False,False,A_reference,8683.039012014127,21.09115064491866,0.026102882037250738,8717.575491423913,1.053,0.04179514943946305,1.3540000000004522,8.114800007997,17,20.00000000000356,False,26092416,0.0034911288843020682,null,null,COMPLETE,False,,1.0,time_limit,left_ankle_pitch_joint
False,False,B_residual,8090.728022459152,19.652423916631506,0.02409357969080038,8109.094547183416,1.053,0.04179514943946305,1.0970000000003663,8.114800007997,17,20.00000000000356,False,26092416,0.0034911288843020682,null,null,COMPLETE,False,,1.0,time_limit,left_ankle_pitch_joint
False,False,A_reference,8255.19589756317,20.051917311198654,0.023626855364528326,8286.769922880092,1.049,0.04000627588471328,0.0,8.287364916961648,18,20.000000000003617,False,26092417,0.0032132315563622046,null,null,COMPLETE,False,,1.0,time_limit,left_ankle_pitch_joint
False,False,B_residual,8095.562107946617,19.66416593749603,0.02437830646651639,8120.719351534449,1.049,0.04000627588471328,0.0,8.287364916961648,18,20.000000000003617,False,26092417,0.0032132315563622046,null,null,COMPLETE,False,,1.0,time_limit,left_ankle_pitch_joint
False,False,A_reference,8255.393120663286,20.052396367219185,0.023613765233876843,8285.399002697597,1.052,0.04146538383294052,0.0,8.197131214188781,19,20.000000000003567,False,26092418,0.0030490497628306466,null,null,COMPLETE,False,,1.0,time_limit,left_ankle_pitch_joint
False,False,B_residual,8148.334801634656,19.792351107569843,0.02566702567990905,8176.587368291949,1.052,0.04146538383294052,0.0,8.197131214188781,19,20.000000000003567,False,26092418,0.0030490497628306466,null,null,COMPLETE,False,,1.0,time_limit,left_ankle_pitch_joint
False,False,A_reference,8646.651957724986,21.00276628519446,0.026192693922984407,8678.700066865897,1.05,0.040404758419271825,0.0,8.413746065473111,20,20.00000000000356,False,26092419,0.003335742773067803,null,null,COMPLETE,False,,1.0,time_limit,left_ankle_pitch_joint
False,False,B_residual,8056.871982267092,19.5701874043985,0.02446677618890092,8088.5934545498185,1.05,0.040404758419271825,0.0,8.413746065473111,20,20.00000000000356,False,26092419,0.003335742773067803,null,null,COMPLETE,False,,1.0,time_limit,left_ankle_pitch_joint
