joint_name,q_lower_rad,q_upper_rad,q_min_observed_rad,q_max_observed_rad,max_lower_excess_rad,max_upper_excess_rad,max_excess_rad,time_of_max_excess_s,time_above_zero_excess_s,time_above_standing_tolerance_s,longest_consecutive_excess_s,max_abs_velocity_rad_s,declared_velocity_limit_rad_s,velocity_limit_source,max_velocity_ratio,max_positive_actuation_Nm,max_negative_actuation_Nm,max_actuation_limit_ratio,torque_saturation_fraction,min_target_limit_margin_rad,urdf_lower_rad,urdf_upper_rad,urdf_effort_Nm,effective_effort_lower_Nm,effective_effort_upper_Nm
left_hip_pitch_joint,-2.704,2.556,-0.6176092794124511,1.275695627372898,0.0,0.0,0.0,0.0009999999999998899,0.0,0.0,0.0,8.268684371047454,11.936,X2_URDF-v1.3.0/x2_ultra.urdf#left_hip_pitch_joint/limit@velocity (declaration; not MJCF clamp),0.6927517066896326,118.0,-98.18382820799984,1.0,0.00695,1.3255564360022547,-2.704,2.556,120.0,-118.0,118.0
left_hip_roll_joint,-0.235,2.906,-0.038233984208625144,1.5373514914375894,0.0,0.0,0.0,0.0009999999999998899,0.0,0.0,0.0,6.593545523140592,11.936,X2_URDF-v1.3.0/x2_ultra.urdf#left_hip_roll_joint/limit@velocity (declaration; not MJCF clamp),0.5524083045526635,105.43255186003252,-118.0,1.0,0.0154,0.2351260715452372,-0.235,2.906,120.0,-118.0,118.0
left_hip_yaw_joint,-1.684,3.43,-1.125084111459302,0.3772514569317505,0.0,0.0,0.0,0.0009999999999998899,0.0,0.0,0.0,3.8471668757045,11.936,X2_URDF-v1.3.0/x2_ultra.urdf#left_hip_yaw_joint/limit@velocity (declaration; not MJCF clamp),0.3223162596937416,80.0720412483151,-50.217151554070746,0.6785766207484331,0.0,0.5086022043228149,-1.8588,3.6041,120.0,-118.0,118.0
left_knee_joint,0.0,2.4073,0.02999629144880865,1.9619001401478453,0.0,0.0,0.0,0.0009999999999998899,0.0,0.0,0.0,5.555370974231462,11.936,X2_URDF-v1.3.0/x2_ultra.urdf#left_knee_joint/limit@velocity (declaration; not MJCF clamp),0.46542987384646967,118.0,-82.3091506666735,1.0,0.00025,0.029996281862258917,0.0,2.4073,120.0,-118.0,118.0
left_ankle_pitch_joint,-0.803,0.453,-0.8447740864556614,-0.3769195892094205,0.041774086455661386,0.0,0.041774086455661386,2.207999999999757,0.643,0.643,0.392,5.661419633397506,13.087,X2_URDF-v1.3.0/x2_ultra.urdf#left_ankle_pitch_joint/limit@velocity (declaration; not MJCF clamp),0.43259873411763633,36.0,-10.598255640351278,1.0,0.005,0.0,-0.803,0.453,36.0,-36.0,36.0
left_ankle_roll_joint,-0.262,0.262,-0.2656140032878071,-0.001474211931646844,0.0036140032878070882,0.0,0.0036140032878070882,1.4169999999998442,0.169,0.16,0.06,2.0939890624896362,15.077,X2_URDF-v1.3.0/x2_ultra.urdf#left_ankle_roll_joint/limit@velocity (declaration; not MJCF clamp),0.13888632105124601,24.0,-23.591775444608587,1.0,0.0019,3.2747626304618915e-05,-0.2967,0.2967,24.0,-24.0,24.0
right_hip_pitch_joint,-2.704,2.556,-0.4412137205678368,0.9482676489789562,0.0,0.0,0.0,0.0009999999999998899,0.0,0.0,0.0,5.133258807945197,11.936,X2_URDF-v1.3.0/x2_ultra.urdf#right_hip_pitch_joint/limit@velocity (declaration; not MJCF clamp),0.430065248654926,103.91360997535159,-118.0,1.0,0.00015,1.6170727788209915,-2.704,2.556,120.0,-118.0,118.0
right_hip_roll_joint,-2.906,0.235,-0.695651611913423,0.07328514018066216,0.0,0.0,0.0,0.0009999999999998899,0.0,0.0,0.0,4.3773674326213765,11.936,X2_URDF-v1.3.0/x2_ultra.urdf#right_hip_roll_joint/limit@velocity (declaration; not MJCF clamp),0.3667365476391904,118.0,-72.08886266873205,1.0,0.0005,0.0,-2.906,0.235,120.0,-118.0,118.0
right_hip_yaw_joint,-3.43,1.684,-0.6018731861094978,1.627370355308542,0.0,0.0,0.0,0.0009999999999998899,0.0,0.0,0.0,3.7838113941590725,11.936,X2_URDF-v1.3.0/x2_ultra.urdf#right_hip_yaw_joint/limit@velocity (declaration; not MJCF clamp),0.3170083272586354,45.689161834215675,-94.39371037798502,0.799946698118517,0.0,0.0691049416065217,-3.6041,1.8588,120.0,-118.0,118.0
right_knee_joint,0.0,2.4073,0.029261145152646134,2.1331478652986213,0.0,0.0,0.0,0.0009999999999998899,0.0,0.0,0.0,3.5890184178198092,11.936,X2_URDF-v1.3.0/x2_ultra.urdf#right_knee_joint/limit@velocity (declaration; not MJCF clamp),0.30068854036694115,57.40297123694466,-112.72282830929491,0.9552782060109738,0.0,0.029264503717422494,0.0,2.4073,120.0,-118.0,118.0
right_ankle_pitch_joint,-0.803,0.453,-0.8130126230162,0.2431000555410551,0.010012623016199984,0.0,0.010012623016199984,1.435999999999842,0.798,0.758,0.333,2.766261033119083,13.088,X2_URDF-v1.3.0/x2_ultra.urdf#right_ankle_pitch_joint/limit@velocity (declaration; not MJCF clamp),0.2113585752688786,16.341008702155634,-17.200079711160786,0.4777799919766885,0.0,0.0,-0.803,0.453,36.0,-36.0,36.0
right_ankle_roll_joint,-0.2625,0.2625,-0.24884480656714913,0.2649455736518557,0.0,0.0024455736518557147,0.0024455736518557147,1.2759999999998597,0.216,0.21,0.075,2.224277017381511,15.077,X2_URDF-v1.3.0/x2_ultra.urdf#right_ankle_roll_joint/limit@velocity (declaration; not MJCF clamp),0.14752782499048292,19.05933507255824,-24.0,1.0,0.00235,0.0006416983902454154,-0.2967,0.2967,24.0,-24.0,24.0
waist_yaw_joint,-3.43,2.2078,-0.6656293377884979,0.08371899378884434,0.0,0.0,0.0,0.0009999999999998899,0.0,0.0,0.0,2.8161223227539183,11.936,X2_URDF-v1.3.0/x2_ultra.urdf#waist_yaw_joint/limit@velocity (declaration; not MJCF clamp),0.23593518119587117,58.85922600025473,-36.62498126080776,0.4988070000021587,0.0,2.165591625430435,-3.43,2.2078,120.0,-118.0,118.0
waist_pitch_joint,-0.314,0.314,-0.3283614620962884,0.3507553899932408,0.014361462096288413,0.036755389993240795,0.036755389993240795,1.017999999999888,0.353,0.35000000000000003,0.184,5.531663930539841,13.088,X2_URDF-v1.3.0/x2_ultra.urdf#waist_pitch_joint/limit@velocity (declaration; not MJCF clamp),0.42265158393489005,48.0,-48.0,1.0,0.0216,0.0036322802305221447,-0.314,0.314,48.0,-48.0,48.0
waist_roll_joint,-0.488,0.488,-0.07277524754666738,0.30936044782806066,0.0,0.0,0.0,0.0009999999999998899,0.0,0.0,0.0,1.880334646908077,13.088,X2_URDF-v1.3.0/x2_ultra.urdf#waist_roll_joint/limit@velocity (declaration; not MJCF clamp),0.1436686007723164,47.00157912942466,-41.809223589809534,0.9791995651963471,0.0,0.21341029548645019,-0.488,0.488,48.0,-48.0,48.0
head_yaw_joint,-0.349,0.349,-0.004491249677802696,0.0008644248283421494,0.0,0.0,0.0,0.0009999999999998899,0.0,0.0,0.0,0.41182455244683497,6.019,X2_URDF-v1.3.0/x2_ultra.urdf#head_yaw_joint/limit@velocity (declaration; not MJCF clamp),0.06842075966885446,0.18679802310350602,-0.009010213752598644,0.07184539350134847,0.0,0.3485428315461613,-0.349,0.349,2.6,-2.6,2.6
head_pitch_joint,-0.3838,0.3838,-0.022028003601571,0.001074759650798167,0.0,0.0,0.0,0.0009999999999998899,0.0,0.0,0.0,0.5511701281196373,6.28,X2_URDF-v1.3.0/x2_ultra.urdf#head_pitch_joint/limit@velocity (declaration; not MJCF clamp),0.0877659439680951,0.3189548729810399,-0.025226677593633645,0.5315914549683999,0.0,0.380826827723626,-0.3838,0.3838,0.6,-0.6,0.6
left_shoulder_pitch_joint,-3.08,2.04,-1.3157399531826521,0.5322478802308338,0.0,0.0,0.0,0.0009999999999998899,0.0,0.0,0.0,4.103986440082253,13.088,X2_URDF-v1.3.0/x2_ultra.urdf#left_shoulder_pitch_joint/limit@velocity (declaration; not MJCF clamp),0.3135686460943042,27.585189334673736,-23.060007063317833,0.7662552592964926,0.0,1.5627502781152725,-3.08,2.04,36.0,-36.0,36.0
left_shoulder_roll_joint,-0.061,2.993,0.30435409030471083,0.7399098479996699,0.0,0.0,0.0,0.0009999999999998899,0.0,0.0,0.0,5.309384761579731,13.088,X2_URDF-v1.3.0/x2_ultra.urdf#left_shoulder_roll_joint/limit@velocity (declaration; not MJCF clamp),0.40566815109869586,22.88280099042301,-5.4038836477779615,0.6356333608450836,0.0,0.42717061984539034,-0.061,3.0456,36.0,-36.0,36.0
left_shoulder_yaw_joint,-2.556,2.556,-1.581574830695456,0.08232790235766299,0.0,0.0,0.0,0.0009999999999998899,0.0,0.0,0.0,3.68979551012671,15.077,X2_URDF-v1.3.0/x2_ultra.urdf#left_shoulder_yaw_joint/limit@velocity (declaration; not MJCF clamp),0.24473008623245407,12.415132666940393,-6.37251841959795,0.5172971944558497,0.0,0.963332982301712,-2.556,2.556,24.0,-24.0,24.0
left_elbow_joint,-2.3556,0.0,-1.1269088743168132,-0.4615705647568214,0.0,0.0,0.0,0.0009999999999998899,0.0,0.0,0.0,3.6128765563398213,15.077,X2_URDF-v1.3.0/x2_ultra.urdf#left_elbow_joint/limit@velocity (declaration; not MJCF clamp),0.23962834491873855,19.2100853093888,-7.382812254781147,0.8004202212245333,0.0,0.48098965369462965,-2.3556,0.0,24.0,-24.0,24.0
left_wrist_yaw_joint,-2.556,2.556,-0.0028999961961347466,-0.00023598464755743173,0.0,0.0,0.0,0.0009999999999998899,0.0,0.0,0.0,0.09029084540444583,15.077,X2_URDF-v1.3.0/x2_ultra.urdf#left_wrist_yaw_joint/limit@velocity (declaration; not MJCF clamp),0.005988647967397084,0.0436892909446127,-0.004318116438305307,0.0018203871226921957,0.0,2.5550556751132243,-2.556,2.556,24.0,-24.0,24.0
left_wrist_pitch_joint,-0.5236,0.5236,-0.20213276108181077,0.033895589746495924,0.0,0.0,0.0,0.0009999999999998899,0.0,0.0,0.0,2.119196883347371,4.188,X2_URDF-v1.3.0/x2_ultra.urdf#left_wrist_pitch_joint/limit@velocity (declaration; not MJCF clamp),0.5060164477906808,1.643385306433139,-0.5493065176156797,0.7469933211059722,0.0,0.3214609816551208,-0.5236,0.5236,4.8,-2.2,2.2
left_wrist_roll_joint,-1.5097,0.724,-0.053172184197591885,0.043695643887145155,0.0,0.0,0.0,0.0009999999999998899,0.0,0.0,0.0,0.6356950739106925,4.188,X2_URDF-v1.3.0/x2_ultra.urdf#left_wrist_roll_joint/limit@velocity (declaration; not MJCF clamp),0.15178965470646907,0.6235091946326736,-0.30780041816485837,0.2834132702875789,0.0,0.6803014667779207,-1.5097,0.724,4.8,-2.2,2.2
right_shoulder_pitch_joint,-3.08,2.04,-1.234086686261943,0.4355963775040959,0.0,0.0,0.0,0.0009999999999998899,0.0,0.0,0.0,2.6629818133361454,13.088,X2_URDF-v1.3.0/x2_ultra.urdf#right_shoulder_pitch_joint/limit@velocity (declaration; not MJCF clamp),0.20346743683803067,13.75473438913617,-19.609788840413948,0.5447163566781652,0.0,1.6044564029574395,-3.08,2.04,36.0,-36.0,36.0
right_shoulder_roll_joint,-2.993,0.061,-1.0072075427456613,-0.3226121986058344,0.0,0.0,0.0,0.0009999999999998899,0.0,0.0,0.0,7.2747923801001875,13.088,X2_URDF-v1.3.0/x2_ultra.urdf#right_shoulder_roll_joint/limit@velocity (declaration; not MJCF clamp),0.5558368261078994,36.0,-11.90720633685995,1.0,0.00225,0.427369243465364,-3.0456,0.061,36.0,-36.0,36.0
right_shoulder_yaw_joint,-2.556,2.556,-0.06850478669877126,1.7384710217945232,0.0,0.0,0.0,0.0009999999999998899,0.0,0.0,0.0,3.7470384608402005,15.077,X2_URDF-v1.3.0/x2_ultra.urdf#right_shoulder_yaw_joint/limit@velocity (declaration; not MJCF clamp),0.2485267931843338,9.905692014413,-10.675256859465946,0.44480236914441446,0.0,0.7822470481395722,-2.556,2.556,24.0,-24.0,24.0
right_elbow_joint,-2.3556,0.0,-1.4341215007684303,-0.3854559848101811,0.0,0.0,0.0,0.0009999999999998899,0.0,0.0,0.0,2.3113677640108756,15.077,X2_URDF-v1.3.0/x2_ultra.urdf#right_elbow_joint/limit@velocity (declaration; not MJCF clamp),0.1533042225914224,7.506824168915053,-9.949313331099862,0.41455472212916095,0.0,0.39814956239461896,-2.3556,0.0,24.0,-24.0,24.0
right_wrist_yaw_joint,-2.556,2.556,-0.003382736921007724,0.016553104322728045,0.0,0.0,0.0,0.0009999999999998899,0.0,0.0,0.0,0.232412053989845,15.077,X2_URDF-v1.3.0/x2_ultra.urdf#right_wrist_yaw_joint/limit@velocity (declaration; not MJCF clamp),0.015415006565619485,0.04503600724746489,-0.23424864408579144,0.00976036017024131,0.0,2.542137723919004,-2.556,2.556,24.0,-24.0,24.0
right_wrist_pitch_joint,-0.5236,0.5236,-0.1996261735413052,0.05035156008376567,0.0,0.0,0.0,0.0009999999999998899,0.0,0.0,0.0,1.01849050679447,4.188,X2_URDF-v1.3.0/x2_ultra.urdf#right_wrist_pitch_joint/limit@velocity (declaration; not MJCF clamp),0.24319257564337873,0.4965064737471551,-0.667195727652873,0.30327078529676044,0.0,0.323968842625618,-0.5236,0.5236,4.8,-2.2,2.2
right_wrist_roll_joint,-0.724,1.5097,-0.1192717374806594,0.0820317303418204,0.0,0.0,0.0,0.0009999999999998899,0.0,0.0,0.0,1.647371991313093,4.188,X2_URDF-v1.3.0/x2_ultra.urdf#right_wrist_roll_joint/limit@velocity (declaration; not MJCF clamp),0.3933552987853613,1.3739040481995637,-0.9893713839784365,0.6245018400907107,0.0,0.6813305545598268,-0.724,1.5097,4.8,-2.2,2.2
